Product Name,URL,Price
"Asus Zenfone 5 A501CG (Gold, 8 GB)",/asus-zenfone-5-a501cg-gold-8-gb/p/itmeuydansgfvjtp?pid=MOBDXZ9W7DHYYWEP&lid=LSTMOBDXZ9W7DHYYWEPCKFKLU&marketplace=FLIPKART&srno=s_1_1&otracker=search&fm=organic&iid=6b8fe8f4-a240-44ef-a62a-4a477b643f21.MOBDXZ9W7DHYYWEP.SEARCH&ssid=haq3rh1nwg0000001596615523383&qH=cb6ab3315634a1e4,"₹8,499"
"Asus Padfone Mini (White, 8 GB)",/asus-padfone-mini-white-8-gb/p/itmeuyd9y2z66g3m?pid=MOBEFNFRZNST8WCY&lid=LSTMOBEFNFRZNST8WCYMXS7CX&marketplace=FLIPKART&srno=s_1_2&otracker=search&fm=organic&iid=6b8fe8f4-a240-44ef-a62a-4a477b643f21.MOBEFNFRZNST8WCY.SEARCH&ssid=haq3rh1nwg0000001596615523383&qH=cb6ab3315634a1e4,"₹12,999"
"Asus Zenfone 2 Laser (Black, 16 GB)",/asus-zenfone-2-laser-black-16-gb/p/itmechh2dphwygaz?pid=MOBE9YR6ZRHZNABP&lid=LSTMOBE9YR6ZRHZNABPCY6LB9&marketplace=FLIPKART&srno=s_1_3&otracker=search&fm=organic&iid=6b8fe8f4-a240-44ef-a62a-4a477b643f21.MOBE9YR6ZRHZNABP.SEARCH&ssid=haq3rh1nwg0000001596615523383&qH=cb6ab3315634a1e4,"₹12,999"
"Asus Zenfone Selfie (Silver, 16 GB)",/asus-zenfone-selfie-silver-16-gb/p/itmebpvetvsjgp4n?pid=MOBE9YR6VSUHZXDY&lid=LSTMOBE9YR6VSUHZXDYG7QDIV&marketplace=FLIPKART&srno=s_1_4&otracker=search&fm=organic&iid=6b8fe8f4-a240-44ef-a62a-4a477b643f21.MOBE9YR6VSUHZXDY.SEARCH&ssid=haq3rh1nwg0000001596615523383&qH=cb6ab3315634a1e4,"₹14,999"
"Asus Zenfone 4 (Red, 8 GB)",/asus-zenfone-4-red-8-gb/p/itmeuyd8dqe79wcm?pid=MOBDXZ9W2TG79YJR&lid=LSTMOBDXZ9W2TG79YJR1BFEVG&marketplace=FLIPKART&srno=s_1_5&otracker=search&fm=organic&iid=6b8fe8f4-a240-44ef-a62a-4a477b643f21.MOBDXZ9W2TG79YJR.SEARCH&ssid=haq3rh1nwg0000001596615523383&qH=cb6ab3315634a1e4,"₹7,499"
"Asus Zenfone 4 (Yellow, 8 GB)",/asus-zenfone-4-yellow-8-gb/p/itmeuyd8dqe79wcm?pid=MOBDXZAYUUSQVNYW&lid=LSTMOBDXZAYUUSQVNYWZDAPZA&marketplace=FLIPKART&srno=s_1_6&otracker=search&fm=organic&iid=6b8fe8f4-a240-44ef-a62a-4a477b643f21.MOBDXZAYUUSQVNYW.SEARCH&ssid=haq3rh1nwg0000001596615523383&qH=cb6ab3315634a1e4,"₹7,499"
"Asus Zenfone 4 (Blue, 8 GB)",/asus-zenfone-4-blue-8-gb/p/itmeygpv4uxt4gjx?pid=MOBEY2ZC4WUH26KB&lid=LSTMOBEY2ZC4WUH26KBSVXLTJ&marketplace=FLIPKART&srno=s_1_7&otracker=search&fm=organic&iid=6b8fe8f4-a240-44ef-a62a-4a477b643f21.MOBEY2ZC4WUH26KB.SEARCH&ssid=haq3rh1nwg0000001596615523383&qH=cb6ab3315634a1e4,"₹6,499"
Asus Mobile Battery For Asus Asus Zenfone Max Pro M1 X00TD (C11P1706),/asus-mobile-battery-zenfone-max-pro-m1-x00td-c11p1706/p/itmb8b764513aaad?pid=MITFMR3DQQCS74W2&lid=LSTMITFMR3DQQCS74W2JZIFTH&marketplace=FLIPKART&srno=s_1_8&otracker=search&fm=organic&iid=6b8fe8f4-a240-44ef-a62a-4a477b643f21.MITFMR3DQQCS74W2.SEARCH&ssid=haq3rh1nwg0000001596615523383&qH=cb6ab3315634a1e4,"₹1,199"
Asus APWU002 30W 6 A Mobile Charger with Detachable Cable,/asus-apwu002-30w-6-mobile-charger-detachable-cable/p/itm2e362dddeb666?pid=ACCFMBRF9EFHZHQY&lid=LSTACCFMBRF9EFHZHQYGTHOG4&marketplace=FLIPKART&srno=s_1_9&otracker=search&fm=organic&iid=6b8fe8f4-a240-44ef-a62a-4a477b643f21.ACCFMBRF9EFHZHQY.SEARCH&ssid=haq3rh1nwg0000001596615523383&qH=cb6ab3315634a1e4,"₹1,999"
Asus TUF GAMING H3 GUN METAL Wired Headset Gaming Headphone,/asus-tuf-gaming-h3-gun-metal-wired-headset-headphone/p/itm9fb229ad1f1f7?pid=ACCFM3VZCGGCGZPD&lid=LSTACCFM3VZCGGCGZPDA1OQYQ&marketplace=FLIPKART&srno=s_1_10&otracker=search&fm=organic&iid=6b8fe8f4-a240-44ef-a62a-4a477b643f21.ACCFM3VZCGGCGZPD.SEARCH&ssid=haq3rh1nwg0000001596615523383&qH=cb6ab3315634a1e4,"₹4,750"
Asus ROG Strix G15 Core i7 10th Gen - (8 GB/1 TB SSD/Windows 10 Home/4 GB Graphics/NVIDIA Geforce GTX ...,/asus-rog-strix-g15-core-i7-10th-gen-8-gb-1-tb-ssd-windows-10-home-4-gb-graphics-nvidia-geforce-gtx-1650-ti-g512li-hn060t-gaming-laptop/p/itm933f0073b0efe?pid=COMFTYWYGHPSGG3T&lid=LSTCOMFTYWYGHPSGG3TH17DTD&marketplace=FLIPKART&srno=s_1_11&otracker=search&fm=organic&iid=6b8fe8f4-a240-44ef-a62a-4a477b643f21.COMFTYWYGHPSGG3T.SEARCH&ssid=haq3rh1nwg0000001596615523383&qH=cb6ab3315634a1e4,"₹94,990"
Asus VivoBook 14 Ryzen 5 Quad Core 2nd Gen - (8 GB/512 GB SSD/Windows 10 Home) X412DA-EK501T Thin and ...,/asus-vivobook-14-ryzen-5-quad-core-2nd-gen-8-gb-512-gb-ssd-windows-10-home-x412da-ek501t-thin-light-laptop/p/itm226532a78af60?pid=COMFMCSBD8T53WEJ&lid=LSTCOMFMCSBD8T53WEJ2ZDSQA&marketplace=FLIPKART&srno=s_1_12&otracker=search&fm=organic&iid=6b8fe8f4-a240-44ef-a62a-4a477b643f21.COMFMCSBD8T53WEJ.SEARCH&ssid=haq3rh1nwg0000001596615523383&qH=cb6ab3315634a1e4,"₹42,990"
Asus VivoBook 15 Ryzen 3 Dual Core - (4 GB/1 TB HDD/Windows 10 Home) M509DA-EJ741T Laptop,/asus-vivobook-15-ryzen-3-dual-core-4-gb-1-tb-hdd-windows-10-home-m509da-ej741t-laptop/p/itm3818c90283cd6?pid=COMFSKF9EMHCTN2Y&lid=LSTCOMFSKF9EMHCTN2YYUZ02T&marketplace=FLIPKART&srno=s_1_13&otracker=search&fm=organic&iid=6b8fe8f4-a240-44ef-a62a-4a477b643f21.COMFSKF9EMHCTN2Y.SEARCH&ssid=haq3rh1nwg0000001596615523383&qH=cb6ab3315634a1e4,"₹29,990"
"Asus 24D5MT DVD , CD , M-DISK BURNER Internal Optical Drive",/asus-24d5mt-dvd-m-disk-burner-internal-optical-drive/p/itmeyxfdanmmnzcd?pid=IODEYXFDMXDTDFK3&lid=LSTIODEYXFDMXDTDFK3OPLVGV&marketplace=FLIPKART&srno=s_1_14&otracker=search&fm=organic&iid=6b8fe8f4-a240-44ef-a62a-4a477b643f21.IODEYXFDMXDTDFK3.SEARCH&ssid=haq3rh1nwg0000001596615523383&qH=cb6ab3315634a1e4,"₹1,449"
Asus VivoBook Gaming Core i7 9th Gen - (16 GB + 32 GB Optane/512 GB SSD/Windows 10 Home/4 GB Graphics/...,/asus-vivobook-gaming-core-i7-9th-gen-16-gb-32-optane-512-ssd-windows-10-home-4-graphics-nvidia-geforce-gtx-1650-f571gt-al318t-laptop/p/itm54586171780fb?pid=COMFNEK5GUZHGUV6&lid=LSTCOMFNEK5GUZHGUV6BEHRAN&marketplace=FLIPKART&srno=s_1_15&otracker=search&fm=organic&iid=6b8fe8f4-a240-44ef-a62a-4a477b643f21.COMFNEK5GUZHGUV6.SEARCH&ssid=haq3rh1nwg0000001596615523383&qH=cb6ab3315634a1e4,"₹75,990"
Asus VivoBook Gaming Core i5 9th Gen - (8 GB/1 TB HDD/256 GB SSD/Windows 10 Home/4 GB Graphics/NVIDIA ...,/asus-vivobook-gaming-core-i5-9th-gen-8-gb-1-tb-hdd-256-gb-ssd-windows-10-home-4-graphics-nvidia-geforce-gtx-1650-f571gt-al518t-laptop/p/itm476a4eb951e6e?pid=COMFPCU627WHMGFK&lid=LSTCOMFPCU627WHMGFKGM8PEI&marketplace=FLIPKART&srno=s_1_16&otracker=search&fm=organic&iid=6b8fe8f4-a240-44ef-a62a-4a477b643f21.COMFPCU627WHMGFK.SEARCH&ssid=haq3rh1nwg0000001596615523383&qH=cb6ab3315634a1e4,"₹64,990"
Asus NVIDIA NVIDIA GeForce GT 710 2 GB GDDR5 Graphics Card,/asus-nvidia-geforce-gt-710-2-gb-gddr5-graphics-card/p/itmd07fe61d5b55c?pid=GRCFSSCBG2UVBY3Z&lid=LSTGRCFSSCBG2UVBY3ZNQVJ4W&marketplace=FLIPKART&srno=s_1_17&otracker=search&fm=organic&iid=6b8fe8f4-a240-44ef-a62a-4a477b643f21.GRCFSSCBG2UVBY3Z.SEARCH&ssid=haq3rh1nwg0000001596615523383&qH=cb6ab3315634a1e4,"₹3,799"
Asus VivoBook 14 Core i3 7th Gen - (4 GB/256 GB SSD/Windows 10 Home) X412UA-EK342T Thin and Light Lapt...,/asus-vivobook-14-core-i3-7th-gen-4-gb-256-gb-ssd-windows-10-home-x412ua-ek342t-thin-light-laptop/p/itmfg9yrupjvburs?pid=COMFG9YRKW6YM6WX&lid=LSTCOMFG9YRKW6YM6WXUR4PZP&marketplace=FLIPKART&srno=s_1_18&otracker=search&fm=organic&iid=6b8fe8f4-a240-44ef-a62a-4a477b643f21.COMFG9YRKW6YM6WX.SEARCH&ssid=haq3rh1nwg0000001596615523383&qH=cb6ab3315634a1e4,"₹33,990"
Asus SDRW-08D2S-U External DVD Writer,/asus-sdrw-08d2s-u-external-dvd-writer/p/itmd8qfxgyz9gz7c?pid=ACCFJ39DB9ZHR6P7&lid=LSTACCFJ39DB9ZHR6P7ZIHEK4&marketplace=FLIPKART&srno=s_1_19&otracker=search&fm=organic&iid=6b8fe8f4-a240-44ef-a62a-4a477b643f21.ACCFJ39DB9ZHR6P7.SEARCH&ssid=haq3rh1nwg0000001596615523383&qH=cb6ab3315634a1e4,"₹2,399"
Asus VivoBook Gaming Core i5 8th Gen - (8 GB/512 GB SSD/Windows 10 Home/4 GB Graphics/NVIDIA Geforce G...,/asus-vivobook-gaming-core-i5-8th-gen-8-gb-512-gb-ssd-windows-10-home-4-graphics-nvidia-geforce-gtx-1650-f571gt-bq619t-laptop/p/itm1ac5ceb0c899b?pid=COMFPVN3URHUF69A&lid=LSTCOMFPVN3URHUF69ALKAKBE&marketplace=FLIPKART&srno=s_1_20&otracker=search&fm=organic&iid=6b8fe8f4-a240-44ef-a62a-4a477b643f21.COMFPVN3URHUF69A.SEARCH&ssid=haq3rh1nwg0000001596615523383&qH=cb6ab3315634a1e4,"₹52,990"
Asus TUF K5 Wired USB Gaming Keyboard,/asus-tuf-k5-wired-usb-gaming-keyboard/p/itmfg6xzjhzmq8tz?pid=ACCFG6XZGZSVJ5JU&lid=LSTACCFG6XZGZSVJ5JUB02YYB&marketplace=FLIPKART&srno=s_1_21&otracker=search&fm=organic&iid=6b8fe8f4-a240-44ef-a62a-4a477b643f21.ACCFG6XZGZSVJ5JU.SEARCH&ssid=haq3rh1nwg0000001596615523383&qH=cb6ab3315634a1e4,"₹4,249"
Asus E1Z Portable Projector,/asus-e1z-portable-projector/p/itmfeny5n8fmwszh?pid=PROFENY5ZCQXCYNA&lid=LSTPROFENY5ZCQXCYNAJZLAAK&marketplace=FLIPKART&srno=s_1_22&otracker=search&fm=organic&iid=6b8fe8f4-a240-44ef-a62a-4a477b643f21.PROFENY5ZCQXCYNA.SEARCH&ssid=haq3rh1nwg0000001596615523383&qH=cb6ab3315634a1e4,"₹24,000"
Asus NVIDIA Cerberus GeForce GTX 1050 Ti 4GB OC Edition GDDR5 Gaming Graphics Card (Cerberus-GTX1050Ti...,/asus-nvidia-cerberus-geforce-gtx-1050-ti-4gb-oc-gddr5-gaming-graphics-card-cerberus-gtx1050ti-o4g-4-gb/p/itm9a285039bcf8c?pid=GRCFG3UQ7CFCAHKX&lid=LSTGRCFG3UQ7CFCAHKXFMAFGV&marketplace=FLIPKART&srno=s_1_23&otracker=search&fm=organic&iid=6b8fe8f4-a240-44ef-a62a-4a477b643f21.GRCFG3UQ7CFCAHKX.SEARCH&ssid=haq3rh1nwg0000001596615523383&qH=cb6ab3315634a1e4,"₹13,499"
Asus VivoBook 15 Core i5 8th Gen - (8 GB/1 TB HDD/Windows 10 Home/2 GB Graphics) X543UB-DM582T Laptop,/asus-vivobook-15-core-i5-8th-gen-8-gb-1-tb-hdd-windows-10-home-2-gb-graphics-x543ub-dm582t-laptop/p/itm69d87c820ae44?pid=COMFMRBWXS6HGGG8&lid=LSTCOMFMRBWXS6HGGG8D8WKMD&marketplace=FLIPKART&srno=s_1_24&otracker=search&fm=organic&iid=6b8fe8f4-a240-44ef-a62a-4a477b643f21.COMFMRBWXS6HGGG8.SEARCH&ssid=haq3rh1nwg0000001596615523383&qH=cb6ab3315634a1e4,"₹44,760"
Asus X512FA Core i3 10th Gen - (4 GB/512 GB SSD/Windows 10 Home) X512FA-EJ372T Laptop,/asus-x512fa-core-i3-10th-gen-4-gb-512-gb-ssd-windows-10-home-x512fa-ej372t-laptop/p/itm4e0a9039cb8ad?pid=COMFP8HRFGZYYMEA&lid=LSTCOMFP8HRFGZYYMEA79RA24&marketplace=FLIPKART&srno=s_1_25&otracker=search&fm=organic&iid=6b8fe8f4-a240-44ef-a62a-4a477b643f21.COMFP8HRFGZYYMEA.SEARCH&ssid=haq3rh1nwg0000001596615523383&qH=cb6ab3315634a1e4,"₹39,990"
Asus XG-C100F Network Interface Card,/asus-xg-c100f-network-interface-card/p/itm6bb23af9aa098?pid=RTRFZD7VRH9R8ZNU&lid=LSTRTRFZD7VRH9R8ZNUULSIUV&marketplace=FLIPKART&srno=s_1_26&otracker=search&fm=organic&iid=6b8fe8f4-a240-44ef-a62a-4a477b643f21.RTRFZD7VRH9R8ZNU.SEARCH&ssid=haq3rh1nwg0000001596615523383&qH=cb6ab3315634a1e4,"₹7,599"
Asus ROG Strix Impact Wired Optical Gaming Mouse,/asus-rog-strix-impact-wired-optical-gaming-mouse/p/itmfbswgg4qvh6xu?pid=ACCFBSWGZYHJRHH8&lid=LSTACCFBSWGZYHJRHH8KUG2HX&marketplace=FLIPKART&srno=s_1_27&otracker=search&fm=organic&iid=6b8fe8f4-a240-44ef-a62a-4a477b643f21.ACCFBSWGZYHJRHH8.SEARCH&ssid=haq3rh1nwg0000001596615523383&qH=cb6ab3315634a1e4,"₹2,499"
Asus Back Cover for Asus Zenfone Go,/asus-back-cover-zenfone-go/p/itmeazfnswxmznhk?pid=ACCEAZFN7GQZMZZW&lid=LSTACCEAZFN7GQZMZZWULCK4C&marketplace=FLIPKART&srno=s_1_28&otracker=search&fm=organic&iid=6b8fe8f4-a240-44ef-a62a-4a477b643f21.ACCEAZFN7GQZMZZW.SEARCH&ssid=haq3rh1nwg0000001596615523383&qH=cb6ab3315634a1e4,₹699
Asus NVIDIA Geforce GT 710 2 GB DDR3 Graphics Card,/asus-nvidia-geforce-gt-710-2-gb-ddr3-graphics-card/p/itmejxyhwktdzy9z?pid=GRCEJXYHFBFFCMWP&lid=LSTGRCEJXYHFBFFCMWPMXW2JY&marketplace=FLIPKART&srno=s_1_29&otracker=search&fm=organic&iid=6b8fe8f4-a240-44ef-a62a-4a477b643f21.GRCEJXYHFBFFCMWP.SEARCH&ssid=haq3rh1nwg0000001596615523383&qH=cb6ab3315634a1e4,"₹3,749"
Asus S1 Portable Projector,/asus-s1-portable-projector/p/itmfeny5yhaezbhc?pid=PROFENY5CK4DU9RE&lid=LSTPROFENY5CK4DU9RERHORFO&marketplace=FLIPKART&srno=s_1_30&otracker=search&fm=organic&iid=6b8fe8f4-a240-44ef-a62a-4a477b643f21.PROFENY5CK4DU9RE.SEARCH&ssid=haq3rh1nwg0000001596615523383&qH=cb6ab3315634a1e4,"₹24,000"
Asus Core i3 10th Gen - (8 GB/1 TB HDD/Windows 10 Home) X509JA-EJ482TS Laptop,/asus-core-i3-10th-gen-8-gb-1-tb-hdd-windows-10-home-x509ja-ej482ts-laptop/p/itm632d91b244cb0?pid=COMFSKF9YDPEMDTC&lid=LSTCOMFSKF9YDPEMDTCXNPIZO&marketplace=FLIPKART&srno=s_1_31&otracker=search&fm=organic&iid=6b8fe8f4-a240-44ef-a62a-4a477b643f21.COMFSKF9YDPEMDTC.SEARCH&ssid=haq3rh1nwg0000001596615523383&qH=cb6ab3315634a1e4,"₹39,910"
Asus VivoBook 14 Core i3 10th Gen - (4 GB/256 GB SSD/Windows 10 Home) X412FA-EK361T Thin and Light Lap...,/asus-vivobook-14-core-i3-10th-gen-4-gb-256-gb-ssd-windows-10-home-x412fa-ek361t-thin-light-laptop/p/itmcc19c6eeba336?pid=COMFQV982CHH94WY&lid=LSTCOMFQV982CHH94WYNNTBYC&marketplace=FLIPKART&srno=s_1_32&otracker=search&fm=organic&iid=6b8fe8f4-a240-44ef-a62a-4a477b643f21.COMFQV982CHH94WY.SEARCH&ssid=haq3rh1nwg0000001596615523383&qH=cb6ab3315634a1e4,"₹38,990"
Asus AD890M26 33 W Adapter,/asus-ad890m26-33-w-adapter/p/itmc57f732bbb1e8?pid=ACCFSXKGKFJKFCHZ&lid=LSTACCFSXKGKFJKFCHZPEYVKA&marketplace=FLIPKART&srno=s_1_33&otracker=search&fm=organic&iid=6b8fe8f4-a240-44ef-a62a-4a477b643f21.ACCFSXKGKFJKFCHZ.SEARCH&ssid=haq3rh1nwg0000001596615523383&qH=cb6ab3315634a1e4,"₹2,199"
"Asus Mobile Battery For ASUS ASUS ZenFone 2 Laser 5.5""/6"" zenfone selfie Z011D ZD551KL Z00UD ZE550KL Z...",/asus-mobile-battery-zenfone-2-laser-5-5-6-selfie-z011d-zd551kl-z00ud-ze550kl-ze601kl-z00ld-c11p1501/p/itmf2txnpbhupkga?pid=ACCF2SXHXVZE9ZGX&lid=LSTACCF2SXHXVZE9ZGXDYAZQU&marketplace=FLIPKART&srno=s_1_34&otracker=search&fm=organic&iid=6b8fe8f4-a240-44ef-a62a-4a477b643f21.ACCF2SXHXVZE9ZGX.SEARCH&ssid=haq3rh1nwg0000001596615523383&qH=cb6ab3315634a1e4,"₹1,181"
Asus ROG Strix G Core i5 9th Gen - (16 GB/1 TB SSD/Windows 10 Home/6 GB Graphics/NVIDIA Geforce GTX 16...,/asus-rog-strix-g-core-i5-9th-gen-16-gb-1-tb-ssd-windows-10-home-6-gb-graphics-nvidia-geforce-gtx-1660-ti-g531gu-es511t-gaming-laptop/p/itm25ce86bba9ba0?pid=COMFZZEGSYWFEQCZ&lid=LSTCOMFZZEGSYWFEQCZP1KQGY&marketplace=FLIPKART&srno=s_1_35&otracker=search&fm=organic&iid=6b8fe8f4-a240-44ef-a62a-4a477b643f21.COMFZZEGSYWFEQCZ.SEARCH&ssid=haq3rh1nwg0000001596615523383&qH=cb6ab3315634a1e4,"₹1,09,990"
Asus TUF M3 Wired Optical Gaming Mouse,/asus-tuf-m3-wired-optical-gaming-mouse/p/itm7e8f9ad2e4276?pid=ACCFM3VJGAPFY3QF&lid=LSTACCFM3VJGAPFY3QFIKKSQS&marketplace=FLIPKART&srno=s_1_36&otracker=search&fm=organic&iid=6b8fe8f4-a240-44ef-a62a-4a477b643f21.ACCFM3VJGAPFY3QF.SEARCH&ssid=haq3rh1nwg0000001596615523383&qH=cb6ab3315634a1e4,"₹2,299"
Asus Screen Guard for Asus Zenfone 2,/asus-screen-guard-zenfone-2/p/itme6prnfdbtnthv?pid=ACCE6PRMBGDQBKGZ&lid=LSTACCE6PRMBGDQBKGZTWGB3R&marketplace=FLIPKART&srno=s_1_37&otracker=search&fm=organic&iid=6b8fe8f4-a240-44ef-a62a-4a477b643f21.ACCE6PRMBGDQBKGZ.SEARCH&ssid=haq3rh1nwg0000001596615523383&qH=cb6ab3315634a1e4,₹299
Asus VivoBook 14 Core i5 10th Gen - (8 GB/1 TB HDD/256 GB SSD/Windows 10 Home/2 GB Graphics) X412FJ-EK...,/asus-vivobook-14-core-i5-10th-gen-8-gb-1-tb-hdd-256-gb-ssd-windows-10-home-2-graphics-x412fj-ek513t-thin-light-laptop/p/itmc732a713de7e6?pid=COMFQV98ZWHDFGZ7&lid=LSTCOMFQV98ZWHDFGZ7O1IMVP&marketplace=FLIPKART&srno=s_1_38&otracker=search&fm=organic&iid=6b8fe8f4-a240-44ef-a62a-4a477b643f21.COMFQV98ZWHDFGZ7.SEARCH&ssid=haq3rh1nwg0000001596615523383&qH=cb6ab3315634a1e4,"₹59,990"
Asus Dd-Prp 5 L Hand Held Sprayer,/asus-dd-prp-5-l-hand-held-sprayer/p/itme2x9b45tbb5j5?pid=GSPE2X9BWVFSCGZS&lid=LSTGSPE2X9BWVFSCGZSQTIE9T&marketplace=FLIPKART&srno=s_1_39&otracker=search&fm=organic&iid=6b8fe8f4-a240-44ef-a62a-4a477b643f21.GSPE2X9BWVFSCGZS.SEARCH&ssid=haq3rh1nwg0000001596615523383&qH=cb6ab3315634a1e4,"₹1,900"
Asus Mobile Battery For ASUS Asus Zenfone 4 A400 CG- C11p1404,/asus-mobile-battery-zenfone-4-a400-cg-c11p1404/p/itmf3ya35phdxghg?pid=ACCF3YFJWR9DFGWT&lid=LSTACCF3YFJWR9DFGWTLSJVYQ&marketplace=FLIPKART&srno=s_1_40&otracker=search&fm=organic&iid=6b8fe8f4-a240-44ef-a62a-4a477b643f21.ACCF3YFJWR9DFGWT.SEARCH&ssid=haq3rh1nwg0000001596615523383&qH=cb6ab3315634a1e4,"₹1,010"
Asus TUF Core i5 8th Gen - (8 GB/1 TB HDD/Windows 10 Home/4 GB Graphics/NVIDIA Geforce GTX 1050) FX504...,/asus-tuf-core-i5-8th-gen-8-gb-1-tb-hdd-windows-10-home-4-gb-graphics-nvidia-geforce-gtx-1050-fx504gd-e4021t-gaming-laptop/p/itmf7hsggkvecqub?pid=COMF7HSGZS73MHYM&lid=LSTCOMF7HSGZS73MHYM5S1C9M&marketplace=FLIPKART&srno=s_2_41&otracker=search&fm=organic&iid=b4391788-54e3-4c11-a1f0-26df7de119a9.COMF7HSGZS73MHYM.SEARCH&ppt=sp&ppn=sp&ssid=d0lfiawn800000001596615524738&qH=cb6ab3315634a1e4,"₹74,990"
Asus NVIDIA Dual-RTX2060S-A8G-EVO 8 GB GDDR6 Graphics Card,/asus-nvidia-dual-rtx2060s-a8g-evo-8-gb-gddr6-graphics-card/p/itmf5197bdc4fd82?pid=GRCFM789S6TAWSFH&lid=LSTGRCFM789S6TAWSFHHNWXB2&marketplace=FLIPKART&srno=s_2_42&otracker=search&fm=organic&iid=b4391788-54e3-4c11-a1f0-26df7de119a9.GRCFM789S6TAWSFH.SEARCH&ppt=sp&ppn=sp&ssid=d0lfiawn800000001596615524738&qH=cb6ab3315634a1e4,"₹44,999"
Asus Mobile Battery For Asus Zenfone 3 C11P1612,/asus-mobile-battery-zenfone-3-c11p1612/p/itm032970a952873?pid=MITFMR65S7GY9EUD&lid=LSTMITFMR65S7GY9EUDQ8GQJH&marketplace=FLIPKART&srno=s_2_43&otracker=search&fm=organic&iid=b4391788-54e3-4c11-a1f0-26df7de119a9.MITFMR65S7GY9EUD.SEARCH&ppt=sp&ppn=sp&ssid=d0lfiawn800000001596615524738&qH=cb6ab3315634a1e4,₹693
Asus VivoBook 14 APU Quad Core A12 - (4 GB/1 TB HDD/Windows 10 Home) X411QA-EK001T Thin and Light Lapt...,/asus-vivobook-14-apu-quad-core-a12-4-gb-1-tb-hdd-windows-10-home-x411qa-ek001t-thin-light-laptop/p/itmfgfundegnz3z2?pid=COMFGFUNGMDQMEKJ&lid=LSTCOMFGFUNGMDQMEKJMLFVNW&marketplace=FLIPKART&srno=s_2_44&otracker=search&fm=organic&iid=b4391788-54e3-4c11-a1f0-26df7de119a9.COMFGFUNGMDQMEKJ.SEARCH&ppt=sp&ppn=sp&ssid=d0lfiawn800000001596615524738&qH=cb6ab3315634a1e4,"₹26,990"
Asus VivoBook 14 Core i5 8th Gen - (8 GB/512 GB SSD/Windows 10 Home) X412FA-EK295T Thin and Light Lapt...,/asus-vivobook-14-core-i5-8th-gen-8-gb-512-gb-ssd-windows-10-home-x412fa-ek295t-thin-light-laptop/p/itmfg9ysqkkzw8qc?pid=COMFG9YRK28R4GKW&lid=LSTCOMFG9YRK28R4GKWUAVPDS&marketplace=FLIPKART&srno=s_2_45&otracker=search&fm=organic&iid=b4391788-54e3-4c11-a1f0-26df7de119a9.COMFG9YRK28R4GKW.SEARCH&ppt=sp&ppn=sp&ssid=d0lfiawn800000001596615524738&qH=cb6ab3315634a1e4,"₹54,990"
Asus K52 K52D K52JC K52JR K52F K52JB K52J K52F Laptop Hinge,/asus-k52-k52d-k52jc-k52jr-k52f-k52jb-k52j-laptop-hinge/p/itmezgrqvygkkcpn?pid=LHIEZGHTKPP7UEBG&lid=LSTLHIEZGHTKPP7UEBGJDV0E3&marketplace=FLIPKART&srno=s_2_46&otracker=search&fm=organic&iid=b4391788-54e3-4c11-a1f0-26df7de119a9.LHIEZGHTKPP7UEBG.SEARCH&ppt=sp&ppn=sp&ssid=d0lfiawn800000001596615524738&qH=cb6ab3315634a1e4,₹999
Asus ROG Zephyrus S Core i7 9th Gen - (24 GB/1 TB SSD/Windows 10 Home/8 GB Graphics/NVIDIA Geforce RTX...,/asus-rog-zephyrus-s-core-i7-9th-gen-24-gb-1-tb-ssd-windows-10-home-8-gb-graphics-nvidia-geforce-rtx-2070-gx531gwr-es024t-gaming-laptop/p/itmfg9ysw2dsgzjm?pid=COMFG9YRDQYBZMN2&lid=LSTCOMFG9YRDQYBZMN2924GXJ&marketplace=FLIPKART&srno=s_2_47&otracker=search&fm=organic&iid=b4391788-54e3-4c11-a1f0-26df7de119a9.COMFG9YRDQYBZMN2.SEARCH&ppt=sp&ppn=sp&ssid=d0lfiawn800000001596615524738&qH=cb6ab3315634a1e4,"₹2,39,990"
Asus NVIDIA GeForce Pascal GT 1030 2GB GDDR5 64bit 2 GB GDDR5 Graphics Card,/asus-nvidia-geforce-pascal-gt-1030-2gb-gddr5-64bit-2-gb-graphics-card/p/itm09ff0440e39b9?pid=GRCFJA6BB3GRKNXM&lid=LSTGRCFJA6BB3GRKNXMZBNVIY&marketplace=FLIPKART&srno=s_2_48&otracker=search&fm=organic&iid=b4391788-54e3-4c11-a1f0-26df7de119a9.GRCFJA6BB3GRKNXM.SEARCH&ppt=sp&ppn=sp&ssid=d0lfiawn800000001596615524738&qH=cb6ab3315634a1e4,"₹12,500"
Asus ROG Core i7 7th Gen - (8 GB/1 TB HDD/256 GB SSD/Windows 10 Home/6 GB Graphics/NVIDIA Geforce GTX ...,/asus-rog-core-i7-7th-gen-8-gb-1-tb-hdd-256-gb-ssd-windows-10-home-6-graphics-nvidia-geforce-gtx-1060-gl502vm-fy230t-gaming-laptop/p/itmf3s32q8jjbtse?pid=COMES3WCCQGH4FCV&lid=LSTCOMES3WCCQGH4FCVCU9WLF&marketplace=FLIPKART&srno=s_2_49&otracker=search&fm=organic&iid=b4391788-54e3-4c11-a1f0-26df7de119a9.COMES3WCCQGH4FCV.SEARCH&ppt=sp&ppn=sp&ssid=d0lfiawn800000001596615524738&qH=cb6ab3315634a1e4,"₹1,46,490"
Asus ROG Zephyrus S Core i7 9th Gen - (24 GB/1 TB SSD/Windows 10 Home/8 GB Graphics/NVIDIA Geforce RTX...,/asus-rog-zephyrus-s-core-i7-9th-gen-24-gb-1-tb-ssd-windows-10-home-8-gb-graphics-nvidia-geforce-rtx-2070-gx531gwr-az044t-gaming-laptop/p/itmfgpzm9bwcx7vq?pid=COMFGPZMKZAACR9Y&lid=LSTCOMFGPZMKZAACR9YMCXTMO&marketplace=FLIPKART&srno=s_2_50&otracker=search&fm=organic&iid=b4391788-54e3-4c11-a1f0-26df7de119a9.COMFGPZMKZAACR9Y.SEARCH&ppt=sp&ppn=sp&ssid=d0lfiawn800000001596615524738&qH=cb6ab3315634a1e4,"₹3,22,990"
Asus Core i5 10th Gen - (8 GB/512 GB SSD/Windows 10 Home/2 GB Graphics) X509JB-EJ591T Laptop,/asus-core-i5-10th-gen-8-gb-512-gb-ssd-windows-10-home-2-graphics-x509jb-ej591t-laptop/p/itmb358848bfe450?pid=COMFSKF9TPYHX5YF&lid=LSTCOMFSKF9TPYHX5YFGP3MJW&marketplace=FLIPKART&srno=s_2_51&otracker=search&fm=organic&iid=b4391788-54e3-4c11-a1f0-26df7de119a9.COMFSKF9TPYHX5YF.SEARCH&ppt=sp&ppn=sp&ssid=d0lfiawn800000001596615524738&qH=cb6ab3315634a1e4,"₹52,990"
Asus VivoBook 14 APU Quad Core A12 - (4 GB/1 TB HDD/Windows 10 Home) X411QA-EK002T Thin and Light Lapt...,/asus-vivobook-14-apu-quad-core-a12-4-gb-1-tb-hdd-windows-10-home-x411qa-ek002t-thin-light-laptop/p/itmdc3f760beae82?pid=COMFKEW9QMUGUZSD&lid=LSTCOMFKEW9QMUGUZSDGGG7YY&marketplace=FLIPKART&srno=s_2_52&otracker=search&fm=organic&iid=b4391788-54e3-4c11-a1f0-26df7de119a9.COMFKEW9QMUGUZSD.SEARCH&ppt=sp&ppn=sp&ssid=d0lfiawn800000001596615524738&qH=cb6ab3315634a1e4,"₹26,990"
Asus 00PW6400T 120 W Adapter,/asus-00pw6400t-120-w-adapter/p/itm26608ad73280f?pid=ACCFPYRZHPASYXJY&lid=LSTACCFPYRZHPASYXJY69PGZD&marketplace=FLIPKART&srno=s_2_53&otracker=search&fm=organic&iid=b4391788-54e3-4c11-a1f0-26df7de119a9.ACCFPYRZHPASYXJY.SEARCH&ppt=sp&ppn=sp&ssid=d0lfiawn800000001596615524738&qH=cb6ab3315634a1e4,"₹4,999"
Asus ROG Core i7 7th Gen - (8 GB/1 TB HDD/Windows 10 Home/4 GB Graphics/NVIDIA Geforce GTX 1050) GL553...,/asus-rog-core-i7-7th-gen-8-gb-1-tb-hdd-windows-10-home-4-gb-graphics-nvidia-geforce-gtx-1050-gl553vd-fy103t-gaming-laptop/p/itmf3s32x2mnzrvr?pid=COMES3W3QHKAZCQ6&lid=LSTCOMES3W3QHKAZCQ6EMHSLO&marketplace=FLIPKART&srno=s_2_54&otracker=search&fm=organic&iid=b4391788-54e3-4c11-a1f0-26df7de119a9.COMES3W3QHKAZCQ6.SEARCH&ppt=sp&ppn=sp&ssid=d0lfiawn800000001596615524738&qH=cb6ab3315634a1e4,"₹1,07,990"
Asus Back Cover for Asus Zenfone 4,/asus-back-cover-zenfone-4/p/itmdxmz96z6qgzsp?pid=ACCDXMZ3UXVNK5XM&lid=LSTACCDXMZ3UXVNK5XMBZEFJR&marketplace=FLIPKART&srno=s_2_55&otracker=search&fm=organic&iid=b4391788-54e3-4c11-a1f0-26df7de119a9.ACCDXMZ3UXVNK5XM.SEARCH&ppt=sp&ppn=sp&ssid=d0lfiawn800000001596615524738&qH=cb6ab3315634a1e4,₹599
Asus ROG Pugio Wired Optical Gaming Mouse,/asus-rog-pugio-wired-optical-gaming-mouse/p/itm66f026db55cd2?pid=ACCFKYSEDHTYB4YV&lid=LSTACCFKYSEDHTYB4YVP2HKU3&marketplace=FLIPKART&srno=s_2_56&otracker=search&fm=organic&iid=b4391788-54e3-4c11-a1f0-26df7de119a9.ACCFKYSEDHTYB4YV.SEARCH&ppt=sp&ppn=sp&ssid=d0lfiawn800000001596615524738&qH=cb6ab3315634a1e4,"₹22,999"
Asus Ryzen 5 Quad Core - (8 GB/1 TB HDD/Windows 10 Home/4 GB Graphics/NVIDIA Geforce GTX 1050) F570ZD-...,/asus-ryzen-5-quad-core-8-gb-1-tb-hdd-windows-10-home-4-gb-graphics-nvidia-geforce-gtx-1050-f570zd-dm226t-gaming-laptop/p/itmfgywrjzfgdpww?pid=COMFGYWRZJFGTMNH&lid=LSTCOMFGYWRZJFGTMNHOPQGQL&marketplace=FLIPKART&srno=s_2_57&otracker=search&fm=organic&iid=b4391788-54e3-4c11-a1f0-26df7de119a9.COMFGYWRZJFGTMNH.SEARCH&ppt=sp&ppn=sp&ssid=d0lfiawn800000001596615524738&qH=cb6ab3315634a1e4,"₹50,000"
Asus Core i3 8th Gen - (4 GB/1 TB HDD/Windows 10 Home) X543UA-DM841T Laptop,/asus-core-i3-8th-gen-4-gb-1-tb-hdd-windows-10-home-x543ua-dm841t-laptop/p/itmcfcee6fb3d989?pid=COMFSKF9WKEYHYFU&lid=LSTCOMFSKF9WKEYHYFUMVIMSE&marketplace=FLIPKART&srno=s_2_58&otracker=search&fm=organic&iid=b4391788-54e3-4c11-a1f0-26df7de119a9.COMFSKF9WKEYHYFU.SEARCH&ppt=sp&ppn=sp&ssid=d0lfiawn800000001596615524738&qH=cb6ab3315634a1e4,"₹35,061"
Asus VivoBook S Series Core i5 8th Gen - (8 GB/1 TB HDD/256 GB SSD/Windows 10 Home) S430FA-EB039T Thin...,/asus-vivobook-s-series-core-i5-8th-gen-8-gb-1-tb-hdd-256-gb-ssd-windows-10-home-s430fa-eb039t-thin-light-laptop/p/itm90a75503d52ce?pid=COMFEHZWRRK32MG3&lid=LSTCOMFEHZWRRK32MG3XMTQCA&marketplace=FLIPKART&srno=s_2_59&otracker=search&fm=organic&iid=b4391788-54e3-4c11-a1f0-26df7de119a9.COMFEHZWRRK32MG3.SEARCH&ppt=sp&ppn=sp&ssid=d0lfiawn800000001596615524738&qH=cb6ab3315634a1e4,"₹53,990"
Asus K50 K50AB K50C K50I K50IJ K50AD Laptop Hinge,/asus-k50-k50ab-k50c-k50i-k50ij-k50ad-laptop-hinge/p/itmezfs9pgxgufm8?pid=LHIEZFC7FPUTBYMB&lid=LSTLHIEZFC7FPUTBYMBOVJPVO&marketplace=FLIPKART&srno=s_2_60&otracker=search&fm=organic&iid=b4391788-54e3-4c11-a1f0-26df7de119a9.LHIEZFC7FPUTBYMB.SEARCH&ppt=sp&ppn=sp&ssid=d0lfiawn800000001596615524738&qH=cb6ab3315634a1e4,₹829
Asus Mobile Battery For ASUS ASUS Zenfone 3 Max Z3 Max ZC520TL-c11p1611 4130mAh Battery,/asus-mobile-battery-zenfone-3-max-z3-zc520tl-c11p1611-4130mah/p/itmffqjezxvf7u3h?pid=ACCFFPHHK6KJDYBT&lid=LSTACCFFPHHK6KJDYBTTSDMYR&marketplace=FLIPKART&srno=s_2_61&otracker=search&fm=organic&iid=b4391788-54e3-4c11-a1f0-26df7de119a9.ACCFFPHHK6KJDYBT.SEARCH&ppt=sp&ppn=sp&ssid=d0lfiawn800000001596615524738&qH=cb6ab3315634a1e4,₹899
Asus Sleeve for Google Nexus 7 inch,/asus-sleeve-google-nexus-7-inch/p/itmefsymtjy3fyb7?pid=ACCEFSYEMHZZ8NW6&lid=LSTACCEFSYEMHZZ8NW6NSCN9G&marketplace=FLIPKART&srno=s_2_62&otracker=search&fm=organic&iid=b4391788-54e3-4c11-a1f0-26df7de119a9.ACCEFSYEMHZZ8NW6.SEARCH&ppt=sp&ppn=sp&ssid=d0lfiawn800000001596615524738&qH=cb6ab3315634a1e4,"₹1,999"
Asus 15.6 inch 15 inch Laptop Backpack,/asus-15-6-inch-15-laptop-backpack/p/itm22d80cfacac4d?pid=LTBFGFWCVH9QKDSP&lid=LSTLTBFGFWCVH9QKDSPMZRVL5&marketplace=FLIPKART&srno=s_2_63&otracker=search&fm=organic&iid=b4391788-54e3-4c11-a1f0-26df7de119a9.LTBFGFWCVH9QKDSP.SEARCH&ppt=sp&ppn=sp&ssid=d0lfiawn800000001596615524738&qH=cb6ab3315634a1e4,"₹11,990"
"Asus Mobile Battery For ASUS ASUS ZenFone 2 Laser 5.5""/6"" zenfone selfie Z011D ZD551KL Z00UD ZE550KL Z...",/asus-mobile-battery-zenfone-2-laser-5-5-6-selfie-z011d-zd551kl-z00ud-ze550kl-ze601kl-z00ld-c11p1501/p/itmezxznjg3agych?pid=ACCEZXFQ9VZW8NUF&lid=LSTACCEZXFQ9VZW8NUFB3BOM7&marketplace=FLIPKART&srno=s_2_64&otracker=search&fm=organic&iid=b4391788-54e3-4c11-a1f0-26df7de119a9.ACCEZXFQ9VZW8NUF.SEARCH&ppt=sp&ppn=sp&ssid=d0lfiawn800000001596615524738&qH=cb6ab3315634a1e4,"₹1,199"
Asus VivoBook S Series Core i5 8th Gen - (8 GB/1 TB HDD/256 GB SSD/Windows 10 Home) S430FA-EB026T Thin...,/asus-vivobook-s-series-core-i5-8th-gen-8-gb-1-tb-hdd-256-gb-ssd-windows-10-home-s430fa-eb026t-thin-light-laptop/p/itm999e5c7db26f7?pid=COMFEHZWHZJAHCKG&lid=LSTCOMFEHZWHZJAHCKGW2QUKO&marketplace=FLIPKART&srno=s_2_65&otracker=search&fm=organic&iid=b4391788-54e3-4c11-a1f0-26df7de119a9.COMFEHZWHZJAHCKG.SEARCH&ppt=sp&ppn=sp&ssid=d0lfiawn800000001596615524738&qH=cb6ab3315634a1e4,"₹53,990"
Asus Core i5 10th Gen - (8 GB/512 GB SSD/Windows 10 Home/2 GB Graphics) X509JB-EJ592T Laptop,/asus-core-i5-10th-gen-8-gb-512-gb-ssd-windows-10-home-2-graphics-x509jb-ej592t-laptop/p/itm225fcd49aa8b0?pid=COMFSKF9HN9Y5WXM&lid=LSTCOMFSKF9HN9Y5WXMJCSVSS&marketplace=FLIPKART&srno=s_2_66&otracker=search&fm=organic&iid=b4391788-54e3-4c11-a1f0-26df7de119a9.COMFSKF9HN9Y5WXM.SEARCH&ppt=sp&ppn=sp&ssid=d0lfiawn800000001596615524738&qH=cb6ab3315634a1e4,"₹52,990"
Asus Q302UA 44 W Adapter,/asus-q302ua-44-w-adapter/p/itmd15780b9509ba?pid=ACCFPWHPFQQJWTZX&lid=LSTACCFPWHPFQQJWTZX1Z5FA4&marketplace=FLIPKART&srno=s_2_67&otracker=search&fm=organic&iid=b4391788-54e3-4c11-a1f0-26df7de119a9.ACCFPWHPFQQJWTZX.SEARCH&ppt=sp&ppn=sp&ssid=d0lfiawn800000001596615524738&qH=cb6ab3315634a1e4,"₹2,199"
Asus Mobile Battery For Asus Asus Zenfone 4 C11P1404,/asus-mobile-battery-zenfone-4-c11p1404/p/itme4f91ec886316?pid=MITFMR7TM3G8Z9BP&lid=LSTMITFMR7TM3G8Z9BPU1RG7M&marketplace=FLIPKART&srno=s_2_68&otracker=search&fm=organic&iid=b4391788-54e3-4c11-a1f0-26df7de119a9.MITFMR7TM3G8Z9BP.SEARCH&ppt=sp&ppn=sp&ssid=d0lfiawn800000001596615524738&qH=cb6ab3315634a1e4,₹482
Asus NVIDIA Silent 1 GB DDR3 Graphics Card,/asus-nvidia-silent-1-gb-ddr3-graphics-card/p/itm254e46c1abc36?pid=GRCFN2AEHZUDV98J&lid=LSTGRCFN2AEHZUDV98JTYEYHY&marketplace=FLIPKART&srno=s_2_69&otracker=search&fm=organic&iid=b4391788-54e3-4c11-a1f0-26df7de119a9.GRCFN2AEHZUDV98J.SEARCH&ppt=sp&ppn=sp&ssid=d0lfiawn800000001596615524738&qH=cb6ab3315634a1e4,"₹5,050"
Asus AMD/ATI ROG-STRIX-GTX1080TI-O11G-GAMING GeForce 11GB OC Edition VR Ready 5K HD Gaming 11 GB GDDR5...,/asus-amd-ati-rog-strix-gtx1080ti-o11g-gaming-geforce-11gb-oc-vr-ready-5k-hd-gaming-11-gb-gddr5x-graphics-card/p/itm9507c67598b67?pid=GRCFKYC5ZC3FGEYS&lid=LSTGRCFKYC5ZC3FGEYSYCGJLS&marketplace=FLIPKART&srno=s_2_70&otracker=search&fm=organic&iid=b4391788-54e3-4c11-a1f0-26df7de119a9.GRCFKYC5ZC3FGEYS.SEARCH&ppt=sp&ppn=sp&ssid=d0lfiawn800000001596615524738&qH=cb6ab3315634a1e4,"₹1,10,000"
Asus Mobile Battery For Asos Asus Max M2 C11P1805,/asus-mobile-battery-asos-max-m2-c11p1805/p/itm29fa3a99e526d?pid=MITFMR38ZVDG5JES&lid=LSTMITFMR38ZVDG5JESHHBO1A&marketplace=FLIPKART&srno=s_2_71&otracker=search&fm=organic&iid=b4391788-54e3-4c11-a1f0-26df7de119a9.MITFMR38ZVDG5JES.SEARCH&ppt=sp&ppn=sp&ssid=d0lfiawn800000001596615524738&qH=cb6ab3315634a1e4,"₹1,199"
Asus VivoBook Flip 14 Core i3 10th Gen - (4 GB/512 GB SSD/Windows 10 Home) TP412FA-EC371TS 2 in 1 Lapt...,/asus-vivobook-flip-14-core-i3-10th-gen-4-gb-512-gb-ssd-windows-10-home-tp412fa-ec371ts-2-1-laptop/p/itmce82a80876868?pid=COMFSKF9QBJFYGGF&lid=LSTCOMFSKF9QBJFYGGF1TMVL3&marketplace=FLIPKART&srno=s_2_72&otracker=search&fm=organic&iid=b4391788-54e3-4c11-a1f0-26df7de119a9.COMFSKF9QBJFYGGF.SEARCH&ppt=sp&ppn=sp&ssid=d0lfiawn800000001596615524738&qH=cb6ab3315634a1e4,"₹48,990"
Asus VivoBook 14 Core i5 10th Gen - (8 GB/1 TB HDD/256 GB SSD/Windows 10 Home/2 GB Graphics) X412FJ-EK...,/asus-vivobook-14-core-i5-10th-gen-8-gb-1-tb-hdd-256-gb-ssd-windows-10-home-2-graphics-x412fj-ek512t-thin-light-laptop/p/itmbce63902e4f67?pid=COMFQV9843QQHXUG&lid=LSTCOMFQV9843QQHXUGXCVMDT&marketplace=FLIPKART&srno=s_2_73&otracker=search&fm=organic&iid=b4391788-54e3-4c11-a1f0-26df7de119a9.COMFQV9843QQHXUG.SEARCH&ppt=sp&ppn=sp&ssid=d0lfiawn800000001596615524738&qH=cb6ab3315634a1e4,"₹59,990"
Asus AD883J20 45 W Adapter,/asus-ad883j20-45-w-adapter/p/itm8f43fa30f159c?pid=ACCFPT7JFJKHPT6B&lid=LSTACCFPT7JFJKHPT6BRWIZHV&marketplace=FLIPKART&srno=s_2_74&otracker=search&fm=organic&iid=b4391788-54e3-4c11-a1f0-26df7de119a9.ACCFPT7JFJKHPT6B.SEARCH&ppt=sp&ppn=sp&ssid=d0lfiawn800000001596615524738&qH=cb6ab3315634a1e4,"₹1,799"
Asus NVIDIA Radeon RX 580 8GB Dual-Fan OC Edition GDDR5 DP HDMI DVI VR Ready AMD Graphics Card (DUAL-R...,/asus-nvidia-radeon-rx-580-8gb-dual-fan-oc-gddr5-dp-hdmi-dvi-vr-ready-amd-graphics-card-dual-rx580-o8g-8-gb/p/itm6ddc76ad9627b?pid=GRCFGMFJXZAJTYCV&lid=LSTGRCFGMFJXZAJTYCVAKLDLB&marketplace=FLIPKART&srno=s_2_75&otracker=search&fm=organic&iid=b4391788-54e3-4c11-a1f0-26df7de119a9.GRCFGMFJXZAJTYCV.SEARCH&ppt=sp&ppn=sp&ssid=d0lfiawn800000001596615524738&qH=cb6ab3315634a1e4,"₹51,000"
"Asus NVIDIA 1070OC 8GB GDDR5 for VR, 4K Gaming 8 GB GDDR5 Graphics Card",/asus-nvidia-1070oc-8gb-gddr5-vr-4k-gaming-8-gb-graphics-card/p/itm2c580a5646e2d?pid=GRCFJQGHYPHKXED8&lid=LSTGRCFJQGHYPHKXED8XUJ0GJ&marketplace=FLIPKART&srno=s_2_76&otracker=search&fm=organic&iid=b4391788-54e3-4c11-a1f0-26df7de119a9.GRCFJQGHYPHKXED8.SEARCH&ppt=sp&ppn=sp&ssid=d0lfiawn800000001596615524738&qH=cb6ab3315634a1e4,"₹59,999"
"Asus Mobile Battery For ASUS Asus Zenfone 2, ZE551ML ZE550ML 5.5inch Z00AD Z00ADB Z00A-C11P1424",/asus-mobile-battery-zenfone-2-ze551ml-ze550ml-5-5inch-z00ad-z00adb-z00a-c11p1424/p/itmf4ehyfwpfghzw?pid=ACCF4DEMEHKBZN9Z&lid=LSTACCF4DEMEHKBZN9ZUBUIMP&marketplace=FLIPKART&srno=s_2_77&otracker=search&fm=organic&iid=b4391788-54e3-4c11-a1f0-26df7de119a9.ACCF4DEMEHKBZN9Z.SEARCH&ppt=sp&ppn=sp&ssid=d0lfiawn800000001596615524738&qH=cb6ab3315634a1e4,₹689
Asus ROG Strix G15 Core i5 10th Gen - (8 GB/512 GB SSD/Windows 10 Home/4 GB Graphics/NVIDIA Geforce GT...,/asus-rog-strix-g15-core-i5-10th-gen-8-gb-512-gb-ssd-windows-10-home-4-graphics-nvidia-geforce-gtx-1650-ti-g512li-hn094t-gaming-laptop/p/itmfbc27dd802085?pid=COMFTYWYF4EYCYPD&lid=LSTCOMFTYWYF4EYCYPDX3DMFZ&marketplace=FLIPKART&srno=s_2_78&otracker=search&fm=organic&iid=b4391788-54e3-4c11-a1f0-26df7de119a9.COMFTYWYF4EYCYPD.SEARCH&ppt=sp&ppn=sp&ssid=d0lfiawn800000001596615524738&qH=cb6ab3315634a1e4,"₹79,990"
Asus RT-AX3000 2976 Mbps Router,/asus-rt-ax3000-2976-mbps-router/p/itm05fa4d5246299?pid=RTRFZD7VGMUDQ3SF&lid=LSTRTRFZD7VGMUDQ3SFCMH0IZ&marketplace=FLIPKART&srno=s_2_79&otracker=search&fm=organic&iid=b4391788-54e3-4c11-a1f0-26df7de119a9.RTRFZD7VGMUDQ3SF.SEARCH&ppt=sp&ppn=sp&ssid=d0lfiawn800000001596615524738&qH=cb6ab3315634a1e4,"₹14,499"
Asus Core i5 8th Gen - (8 GB/512 GB SSD/Windows 10 Home/2 GB Graphics) X509FJ-EJ502T Laptop,/asus-core-i5-8th-gen-8-gb-512-gb-ssd-windows-10-home-2-graphics-x509fj-ej502t-laptop/p/itm2dea91326b6ec?pid=COMFJHDZDNR6PP2K&lid=LSTCOMFJHDZDNR6PP2KEDDTKR&marketplace=FLIPKART&srno=s_2_80&otracker=search&fm=organic&iid=b4391788-54e3-4c11-a1f0-26df7de119a9.COMFJHDZDNR6PP2K.SEARCH&ppt=sp&ppn=sp&ssid=d0lfiawn800000001596615524738&qH=cb6ab3315634a1e4,"₹59,990"
Asus 7PP65W1Q 4 Cell Laptop Battery,/asus-7pp65w1q-4-cell-laptop-battery/p/itm9a7d5ce2cda9e?pid=ACCFN6UARXR9E9CU&lid=LSTACCFN6UARXR9E9CUIMDHNI&marketplace=FLIPKART&srno=s_3_81&otracker=search&fm=organic&iid=807d180c-4b51-420b-ad34-4cc79851f510.ACCFN6UARXR9E9CU.SEARCH&ppt=sp&ppn=sp&ssid=d0lfiawn800000001596615524738&qH=cb6ab3315634a1e4,"₹1,999"
Asus ROG Strix G15 Core i5 10th Gen - (8 GB/1 TB SSD/Windows 10 Home/4 GB Graphics/NVIDIA Geforce GTX ...,/asus-rog-strix-g15-core-i5-10th-gen-8-gb-1-tb-ssd-windows-10-home-4-gb-graphics-nvidia-geforce-gtx-1650-ti-g512li-hn059t-gaming-laptop/p/itm1b324e8466717?pid=COMFTYWYMVH2FRFF&lid=LSTCOMFTYWYMVH2FRFFENCX75&marketplace=FLIPKART&srno=s_3_82&otracker=search&fm=organic&iid=807d180c-4b51-420b-ad34-4cc79851f510.COMFTYWYMVH2FRFF.SEARCH&ppt=sp&ppn=sp&ssid=d0lfiawn800000001596615524738&qH=cb6ab3315634a1e4,"₹84,990"
Asus NVIDIA genesis 8 GB GDDR5 Graphics Card,/asus-nvidia-genesis-8-gb-gddr5-graphics-card/p/itm76dbb39aa4233?pid=GRCFJDJ5V6HNSHQM&lid=LSTGRCFJDJ5V6HNSHQMFHEH25&marketplace=FLIPKART&srno=s_3_83&otracker=search&fm=organic&iid=807d180c-4b51-420b-ad34-4cc79851f510.GRCFJDJ5V6HNSHQM.SEARCH&ppt=sp&ppn=sp&ssid=d0lfiawn800000001596615524738&qH=cb6ab3315634a1e4,"₹51,000"
Asus NVIDIA Turbo GTX1080 8GB 8 GB GDDR5X Graphics Card,/asus-nvidia-turbo-gtx1080-8gb-8-gb-gddr5x-graphics-card/p/itm5b21fe702457e?pid=GRCFKYHZNGZ8J8TZ&lid=LSTGRCFKYHZNGZ8J8TZ4S07CU&marketplace=FLIPKART&srno=s_3_84&otracker=search&fm=organic&iid=807d180c-4b51-420b-ad34-4cc79851f510.GRCFKYHZNGZ8J8TZ.SEARCH&ppt=sp&ppn=sp&ssid=d0lfiawn800000001596615524738&qH=cb6ab3315634a1e4,"₹80,000"
Asus ROG Strix Edition Core i7 7th Gen - (16 GB/1 TB HDD/128 GB SSD/Windows 10 Home/6 GB Graphics/NVID...,/asus-rog-strix-core-i7-7th-gen-16-gb-1-tb-hdd-128-gb-ssd-windows-10-home-6-graphics-nvidia-geforce-gtx-1060-gl503vm-fy166t-gaming-laptop/p/itmf3s3fskgdups8?pid=COMEZZBGUUCTK8RC&lid=LSTCOMEZZBGUUCTK8RCFGQEE8&marketplace=FLIPKART&srno=s_3_85&otracker=search&fm=organic&iid=807d180c-4b51-420b-ad34-4cc79851f510.COMEZZBGUUCTK8RC.SEARCH&ppt=sp&ppn=sp&ssid=d0lfiawn800000001596615524738&qH=cb6ab3315634a1e4,"₹1,39,990"
Asus VivoBook 14 Core i5 8th Gen - (8 GB/512 GB SSD/Windows 10 Home/2 GB Graphics) X412FJ-EK178T Thin ...,/asus-vivobook-14-core-i5-8th-gen-8-gb-512-gb-ssd-windows-10-home-2-graphics-x412fj-ek178t-thin-light-laptop/p/itmfg9yracycuzyf?pid=COMFG9YRSCBM46PC&lid=LSTCOMFG9YRSCBM46PCCKPJBI&marketplace=FLIPKART&srno=s_3_86&otracker=search&fm=organic&iid=807d180c-4b51-420b-ad34-4cc79851f510.COMFG9YRSCBM46PC.SEARCH&ppt=sp&ppn=sp&ssid=d0lfiawn800000001596615524738&qH=cb6ab3315634a1e4,"₹55,990"
Asus RT-AC66U B1 1750 Mbps Router,/asus-rt-ac66u-b1-1750-mbps-router/p/itmffhezrzp9fjx5?pid=RTRFFHENYJUCEAZG&lid=LSTRTRFFHENYJUCEAZGJ7SHOZ&marketplace=FLIPKART&srno=s_3_87&otracker=search&fm=organic&iid=807d180c-4b51-420b-ad34-4cc79851f510.RTRFFHENYJUCEAZG.SEARCH&ppt=sp&ppn=sp&ssid=d0lfiawn800000001596615524738&qH=cb6ab3315634a1e4,"₹7,999"
Asus ROG Voyager Backpack 23 L Backpack,/asus-rog-voyager-backpack-23-l/p/itm79ffcebf5055a?pid=BKPFGCEXH6ND8H2W&lid=LSTBKPFGCEXH6ND8H2WVFCSF8&marketplace=FLIPKART&srno=s_3_88&otracker=search&fm=organic&iid=807d180c-4b51-420b-ad34-4cc79851f510.BKPFGCEXH6ND8H2W.SEARCH&ppt=sp&ppn=sp&ssid=d0lfiawn800000001596615524738&qH=cb6ab3315634a1e4,"₹15,837"
Asus ROG Strix Core i5 8th Gen - (8 GB/1 TB HDD/256 GB SSD/Windows 10 Home/4 GB Graphics/NVIDIA Geforc...,/asus-rog-strix-core-i5-8th-gen-8-gb-1-tb-hdd-256-gb-ssd-windows-10-home-4-graphics-nvidia-geforce-gtx-1050-ti-gl503ge-en269t-gaming-laptop/p/itmfc5y8jgmq4yzg?pid=COMFC5Y8FXEED6WF&lid=LSTCOMFC5Y8FXEED6WFGRQ5O6&marketplace=FLIPKART&srno=s_3_89&otracker=search&fm=organic&iid=807d180c-4b51-420b-ad34-4cc79851f510.COMFC5Y8FXEED6WF.SEARCH&ppt=sp&ppn=sp&ssid=d0lfiawn800000001596615524738&qH=cb6ab3315634a1e4,"₹85,990"
Asus NVIDIA Rog Strix Geforce Gtx 1070 Ti Advanced Edition 8GB Gddr5 With Aura Sync RGB For Best Vr & ...,/asus-nvidia-rog-strix-geforce-gtx-1070-ti-advanced-8gb-gddr5-aura-sync-rgb-best-vr-4k-gaming-8-gb-graphics-card/p/itm069b4cb49c250?pid=GRCFJQGQKZFERH8G&lid=LSTGRCFJQGQKZFERH8G8IDKKM&marketplace=FLIPKART&srno=s_3_90&otracker=search&fm=organic&iid=807d180c-4b51-420b-ad34-4cc79851f510.GRCFJQGQKZFERH8G.SEARCH&ppt=sp&ppn=sp&ssid=d0lfiawn800000001596615524738&qH=cb6ab3315634a1e4,"₹75,000"
Asus Mobile Battery For Asus Asus 4 Selfie c11p1511,/asus-mobile-battery-4-selfie-c11p1511/p/itmb41436ca1eaa1?pid=MITFMR33PMD5ZS4A&lid=LSTMITFMR33PMD5ZS4AXF0CHS&marketplace=FLIPKART&srno=s_3_91&otracker=search&fm=organic&iid=807d180c-4b51-420b-ad34-4cc79851f510.MITFMR33PMD5ZS4A.SEARCH&ppt=sp&ppn=sp&ssid=d0lfiawn800000001596615524738&qH=cb6ab3315634a1e4,₹792
Asus ugio Optical Wired Gaming Mouse with a Truly ambidextrous Wired Optical Gaming Mouse,/asus-ugio-optical-wired-gaming-mouse-truly-ambidextrous/p/itmb716310cf7771?pid=ACCFZ9ZTEKM4DXRX&lid=LSTACCFZ9ZTEKM4DXRXWGWII8&marketplace=FLIPKART&srno=s_3_92&otracker=search&fm=organic&iid=807d180c-4b51-420b-ad34-4cc79851f510.ACCFZ9ZTEKM4DXRX.SEARCH&ppt=sp&ppn=sp&ssid=d0lfiawn800000001596615524738&qH=cb6ab3315634a1e4,"₹12,211"
Asus VivoBook 14 Core i5 10th Gen - (8 GB/1 TB HDD/256 GB SSD/Windows 10 Home/2 GB Graphics) X412FJ-EK...,/asus-vivobook-14-core-i5-10th-gen-8-gb-1-tb-hdd-256-gb-ssd-windows-10-home-2-graphics-x412fj-ek511t-thin-light-laptop/p/itmb84b305d0c225?pid=COMFQV988HSYFK8H&lid=LSTCOMFQV988HSYFK8H3BWRZ4&marketplace=FLIPKART&srno=s_3_93&otracker=search&fm=organic&iid=807d180c-4b51-420b-ad34-4cc79851f510.COMFQV988HSYFK8H.SEARCH&ppt=sp&ppn=sp&ssid=d0lfiawn800000001596615524738&qH=cb6ab3315634a1e4,"₹59,990"
Asus VivoBook 14 Core i5 10th Gen - (8 GB/1 TB HDD/256 GB SSD/Windows 10 Home) X412FA-EK513T Thin and ...,/asus-vivobook-14-core-i5-10th-gen-8-gb-1-tb-hdd-256-gb-ssd-windows-10-home-x412fa-ek513t-thin-light-laptop/p/itmb3cae6d3586a8?pid=COMFQV98UWPSPEN6&lid=LSTCOMFQV98UWPSPEN6SAAH6T&marketplace=FLIPKART&srno=s_3_94&otracker=search&fm=organic&iid=807d180c-4b51-420b-ad34-4cc79851f510.COMFQV98UWPSPEN6.SEARCH&ppt=sp&ppn=sp&ssid=d0lfiawn800000001596615524738&qH=cb6ab3315634a1e4,"₹55,990"
Asus ADP-65GD B 65 W Adapter,/asus-adp-65gd-b-65-w-adapter/p/itmed667bc62fe03?pid=ACCFPT7HGANGDR6N&lid=LSTACCFPT7HGANGDR6NWTJVTY&marketplace=FLIPKART&srno=s_3_95&otracker=search&fm=organic&iid=807d180c-4b51-420b-ad34-4cc79851f510.ACCFPT7HGANGDR6N.SEARCH&ppt=sp&ppn=sp&ssid=d0lfiawn800000001596615524738&qH=cb6ab3315634a1e4,"₹2,299"
Asus ZenBook Flip 3 Core i7 8th Gen - (8 GB/512 GB SSD/Windows 10 Home) UX362FA-EL701T 2 in 1 Laptop,/asus-zenbook-flip-3-core-i7-8th-gen-8-gb-512-gb-ssd-windows-10-home-ux362fa-el701t-2-1-laptop/p/itmfj9mvkaenj3bh?pid=COMFJ9MVDGYD8G5M&lid=LSTCOMFJ9MVDGYD8G5MMJ4JF0&marketplace=FLIPKART&srno=s_3_96&otracker=search&fm=organic&iid=807d180c-4b51-420b-ad34-4cc79851f510.COMFJ9MVDGYD8G5M.SEARCH&ppt=sp&ppn=sp&ssid=d0lfiawn800000001596615524738&qH=cb6ab3315634a1e4,"₹85,031"
Ambrane AWC-38 With 1 m Sync & Charge USB Cable 2.1A Fast 2.1 A Mobile Charger with Detachable Cable,/ambrane-awc-38-1-m-sync-charge-usb-cable-2-1a-fast-2-1-mobile-charger-detachable/p/itm3867604f65246?pid=ACCF6EBGFGYU32JS&lid=LSTACCF6EBGFGYU32JSAQAAEF&marketplace=FLIPKART&srno=s_3_97&otracker=search&fm=organic&iid=807d180c-4b51-420b-ad34-4cc79851f510.ACCF6EBGFGYU32JS.SEARCH&ppt=sp&ppn=sp&ssid=d0lfiawn800000001596615524738&qH=cb6ab3315634a1e4,₹329
Flipkart SmartBuy Edge To Edge Tempered Glass for Asus Zenfone Max Pro M1,/flipkart-smartbuy-edge-tempered-glass-asus-zenfone-max-pro-m1/p/itmf9d7mzjbz7ut3?pid=ACCF9D6BXYMP7GCY&lid=LSTACCF9D6BXYMP7GCYNRVSNG&marketplace=FLIPKART&srno=s_3_98&otracker=search&fm=organic&iid=807d180c-4b51-420b-ad34-4cc79851f510.ACCF9D6BXYMP7GCY.SEARCH&ppt=sp&ppn=sp&ssid=d0lfiawn800000001596615524738&qH=cb6ab3315634a1e4,₹185
Zebronics Zeb-K20 Wired USB Desktop Keyboard,/zebronics-zeb-k20-wired-usb-desktop-keyboard/p/itmfdkc4x6by3hte?pid=ACCFDK469A9W96HJ&lid=LSTACCFDK469A9W96HJAWAORU&marketplace=FLIPKART&srno=s_3_99&otracker=search&fm=organic&iid=807d180c-4b51-420b-ad34-4cc79851f510.ACCFDK469A9W96HJ.SEARCH&ppt=sp&ppn=sp&ssid=d0lfiawn800000001596615524738&qH=cb6ab3315634a1e4,₹340
Asus VivoBook 14 Core i5 8th Gen - (8 GB/512 GB SSD/Windows 10 Home) X412FA-EK268T Thin and Light Lapt...,/asus-vivobook-14-core-i5-8th-gen-8-gb-512-gb-ssd-windows-10-home-x412fa-ek268t-thin-light-laptop/p/itmfg9ysjgee8p5h?pid=COMFG9YRRGMVCBYG&lid=LSTCOMFG9YRRGMVCBYGPL2RKR&marketplace=FLIPKART&srno=s_3_100&otracker=search&fm=organic&iid=807d180c-4b51-420b-ad34-4cc79851f510.COMFG9YRRGMVCBYG.SEARCH&ppt=sp&ppn=sp&ssid=d0lfiawn800000001596615524738&qH=cb6ab3315634a1e4,"₹50,990"
